My 1st,2nd Ch,Another,fourth,test_fifth,my sixth,7,CH 8,ch 9,"""ch10""",ch 10',All
0.001169082,5.37E-05,0.006929812,2.32E-05,0,0.000125685,0.000529258,2.30E-05,1.63E-05,0,0.003077766,0.01194775
0.001165851,6.45E-05,0.007013469,2.26E-05,0,0.000117102,0.00049449,2.36E-05,1.61E-05,0,0.003060444,0.011978168
0.001162597,7.77E-05,0.007095712,2.26E-05,0,0.000109095,0.000463405,2.32E-05,1.59E-05,0,0.003044767,0.012014994
0.001160018,9.35E-05,0.007178117,2.15E-05,0,0.000101706,0.000432866,2.36E-05,1.60E-05,0,0.003028387,0.012055823
0.001155244,0.000111548,0.007265437,2.03E-05,0,9.44E-05,0.000403829,2.32E-05,1.59E-05,0,0.003010279,0.012100123
0.001151789,0.000131825,0.0073521,2.03E-05,0,8.84E-05,0.000377924,2.15E-05,1.58E-05,0,0.002992343,0.012152062
